sku;name;unit;category;brand;price;currency;default_cost;warranty_months;warranty_terms;return_days;barcodes
BP-100;Тормозные колодки передние;Штука;Тормозная система;Brembo;120.00;TMT;70.00;12;Только при установке в сервисе.;30;4750000000011
BP-101;Тормозные колодки задние;Штука;Тормозная система;Brembo;95.00;TMT;55.00;12;;30;4750000000028
BD-200;Тормозной диск передний;Штука;Тормозная система;ATE;210.00;TMT;130.00;12;;14;4750000000035
OF-300;Масляный фильтр;Штука;Фильтры;Mann;35.00;TMT;18.00;0;;7;4750000000042
AF-301;Воздушный фильтр;Штука;Фильтры;Mann;48.00;TMT;26.00;0;;7;4750000000059
CF-302;Салонный фильтр;Штука;Фильтры;Mahle;40.00;TMT;22.00;0;;7;4750000000066
FF-303;Топливный фильтр;Штука;Фильтры;Bosch;65.00;TMT;38.00;6;;14;4750000000073
SP-400;Свеча зажигания;Штука;Зажигание;NGK;28.00;TMT;15.00;6;;0;4750000000080
IC-401;Катушка зажигания;Штука;Зажигание;Bosch;180.00;TMT;110.00;12;;14;4750000000097
OIL-500;Моторное масло 5W-30, 4 л;Штука;Масла и жидкости;Castrol;310.00;TMT;210.00;0;;0;4750000000103
OIL-501;Моторное масло 5W-40, 1 л;Литр;Масла и жидкости;Castrol;85.00;TMT;55.00;0;;0;4750000000110
CL-502;Антифриз красный, 5 л;Штука;Масла и жидкости;Hepu;140.00;TMT;90.00;0;;0;4750000000127
BF-503;Тормозная жидкость DOT4, 0,5 л;Штука;Масла и жидкости;ATE;45.00;TMT;27.00;0;;0;4750000000134
BT-600;Аккумулятор 60 Ач;Штука;Электрика;Varta;890.00;TMT;640.00;18;Гарантия при наличии чека и неповреждённом корпусе.;14;4750000000141
LB-601;Лампа H7 12 В;Штука;Электрика;Osram;38.00;TMT;21.00;6;;7;4750000000158
WP-602;Щётки стеклоочистителя 600 мм;Штука;Кузов;Bosch;75.00;TMT;44.00;0;;14;4750000000165
SH-700;Амортизатор передний;Штука;Подвеска;Sachs;420.00;TMT;290.00;12;;14;4750000000172
SB-701;Сайлентблок рычага;Штука;Подвеска;Lemforder;60.00;TMT;34.00;12;;14;4750000000189
TR-702;Рулевой наконечник;Штука;Подвеска;TRW;110.00;TMT;68.00;12;;14;4750000000196
TB-800;Ремень ГРМ;Штука;Двигатель;Gates;260.00;TMT;170.00;12;;14;4750000000202
WP-801;Водяной насос;Штука;Двигатель;Hepu;340.00;TMT;220.00;12;;14;4750000000219
CB-802;Ремень генератора;Штука;Двигатель;Gates;72.00;TMT;42.00;6;;14;4750000000226
TY-900;Шина летняя 205/55 R16;Штука;Шины;Michelin;780.00;TMT;560.00;0;;0;4750000000233
TY-901;Шина зимняя 205/55 R16;Штука;Шины;Nokian;820.00;TMT;590.00;0;;0;4750000000240
